frame,track_id,vehicle,confidence,center_x,center_y
1,1,car,0.79,724,535
1,2,car,0.726,1233,580
1,3,car,0.643,647,691
1,4,car,0.541,603,308
1,5,car,0.488,590,407
1,6,car,0.459,695,493
1,7,car,0.458,395,532
1,8,car,0.431,469,485
1,9,car,0.423,672,327
1,10,car,0.418,732,400
1,11,car,0.355,692,480
1,12,car,0.309,640,357
1,13,car,0.307,434,412
1,14,car,0.306,876,422
2,2,car,0.798,1200,580
2,3,car,0.596,648,691
2,6,car,0.7,705,508
2,8,car,0.442,462,480
2,11,car,0.51,689,474
2,13,car,0.321,434,413
2,14,car,0.306,876,422
3,3,car,0.518,648,691
3,8,car,0.697,448,473
3,13,car,0.332,434,413
3,14,car,0.344,876,426
3,19,car,0.558,680,437
4,3,car,0.581,646,691
4,8,car,0.495,433,468
4,14,car,0.383,876,427
4,19,car,0.513,680,439
4,22,car,0.69,460,564
4,24,car,0.598,869,689
4,27,car,0.435,297,557
4,28,car,0.496,1046,695
4,4,car,0.738,600,296
5,3,car,0.618,647,690
5,14,car,0.547,876,429
5,22,car,0.629,473,562
5,24,car,0.653,867,686
5,27,car,0.301,297,556
5,28,car,0.627,1047,694
6,3,car,0.576,646,690
6,14,car,0.492,876,429
6,22,car,0.626,481,552
6,24,car,0.689,867,683
6,27,car,0.408,303,556
6,28,car,0.649,1040,693
6,37,car,0.374,1233,693
6,1,car,0.485,737,542
6,7,car,0.439,395,531
7,3,car,0.59,646,689
7,14,car,0.496,876,430
7,24,car,0.756,867,684
7,27,car,0.382,297,555
7,28,car,0.68,1038,692
7,40,car,0.37,355,560
7,2,car,0.841,1209,578
7,6,car,0.625,715,515
8,3,car,0.521,646,689
8,14,car,0.541,876,429
8,24,car,0.67,867,684
8,28,car,0.569,1038,692
8,37,car,0.552,1227,681
9,3,car,0.561,646,689
9,14,car,0.557,876,429
9,24,car,0.669,866,685
9,28,car,0.569,1039,693
9,7,car,0.313,395,533
9,27,car,0.33,305,557
10,3,car,0.551,646,689
10,14,car,0.555,876,428
10,24,car,0.553,866,685
10,28,car,0.612,1039,692
10,27,car,0.664,296,556
10,40,car,0.47,355,559
10,2,car,0.603,1212,567
11,3,car,0.537,646,689
11,14,car,0.544,876,427
11,24,car,0.694,866,685
11,28,car,0.617,1038,692
11,27,car,0.331,307,557
11,7,car,0.516,396,533
12,3,car,0.587,646,689
12,14,car,0.532,876,427
12,24,car,0.631,867,685
12,28,car,0.583,1039,693
12,27,car,0.466,300,556
12,1,car,0.685,740,552
12,2,car,0.705,1234,580
13,3,car,0.66,645,690
13,14,car,0.476,876,428
13,24,car,0.63,867,685
13,28,car,0.653,1038,692
13,27,car,0.411,309,557
13,52,car,0.662,204,698
13,1,car,0.638,752,558
13,2,car,0.668,1238,586
13,7,car,0.389,397,533
14,3,car,0.605,644,690
14,14,car,0.476,876,428
14,24,car,0.637,867,685
14,28,car,0.593,1039,693
14,27,car,0.465,312,557
14,52,car,0.648,204,698
14,1,car,0.762,780,564
14,7,car,0.304,398,533
15,3,car,0.604,644,690
15,14,car,0.472,876,428
15,24,car,0.679,867,685
15,28,car,0.675,1038,692
15,27,car,0.541,313,557
15,52,car,0.653,204,698
15,1,car,0.79,836,575
15,56,car,0.489,639,556
16,3,car,0.598,644,690
16,14,car,0.434,876,428
16,24,car,0.596,867,685
16,28,car,0.569,1039,692
16,27,car,0.395,315,557
16,52,car,0.665,204,698
16,56,car,0.687,631,537
16,6,car,0.78,719,553
16,2,car,0.747,1234,599
17,3,car,0.581,644,690
17,14,car,0.431,876,429
17,24,car,0.659,867,685
17,28,car,0.567,1039,693
17,27,car,0.486,312,558
17,52,car,0.623,204,698
17,56,car,0.726,622,514
17,61,car,0.596,690,494
17,6,car,0.758,719,542
17,1,car,0.792,802,587
18,3,car,0.642,644,689
18,24,car,0.633,867,685
18,28,car,0.509,1039,692
18,27,car,0.429,312,558
18,52,car,0.609,204,698
18,56,car,0.328,613,503
18,61,car,0.323,690,493
18,37,car,0.761,1221,670
19,3,car,0.587,644,688
19,24,car,0.559,867,685
19,28,car,0.499,1038,692
19,27,car,0.38,313,557
19,52,car,0.611,204,698
19,56,car,0.622,611,499
19,61,car,0.592,695,503
19,66,car,0.42,415,702
19,14,car,0.438,876,426
20,3,car,0.697,644,687
20,24,car,0.684,867,685
20,28,car,0.554,1038,692
20,27,car,0.424,318,558
20,52,car,0.625,204,698
20,56,car,0.657,610,499
20,61,car,0.616,697,508
20,66,car,0.353,416,701
21,3,car,0.684,644,687
21,24,car,0.57,867,686
21,28,car,0.431,1039,692
21,27,car,0.463,314,557
21,52,car,0.613,204,698
21,56,car,0.541,610,499
21,66,car,0.404,416,701
22,3,car,0.681,644,687
22,24,car,0.544,867,686
22,28,car,0.441,1040,693
22,27,car,0.364,315,557
22,52,car,0.585,203,698
22,56,car,0.48,610,498
22,66,car,0.376,416,701
22,80,car,0.659,651,554
22,14,car,0.513,875,428
22,61,car,0.589,695,507
23,3,car,0.689,644,687
23,24,car,0.673,867,686
23,28,car,0.529,1038,692
23,27,car,0.385,314,557
23,52,car,0.588,203,698
23,66,car,0.386,416,701
23,80,car,0.728,636,544
23,87,truck,0.335,317,559
23,61,car,0.455,694,506
24,3,car,0.691,644,686
24,24,car,0.618,867,685
24,28,car,0.563,1038,693
24,52,car,0.624,203,698
24,66,car,0.376,416,701
24,80,car,0.756,621,527
24,87,car,0.337,315,563
24,61,car,0.625,694,504
25,3,car,0.68,644,687
25,24,car,0.632,867,685
25,28,car,0.496,1038,692
25,52,car,0.614,203,698
25,66,car,0.375,415,701
25,80,car,0.689,616,513
25,61,car,0.581,695,506
25,27,car,0.416,313,559
26,3,car,0.675,646,686
26,24,car,0.524,867,685
26,52,car,0.592,203,698
26,66,car,0.36,416,700
26,80,car,0.522,617,506
26,61,car,0.573,696,506
26,99,car,0.645,776,447
26,27,car,0.518,311,558
26,14,car,0.468,876,429
27,3,car,0.639,641,677
27,24,car,0.597,861,681
27,52,car,0.591,204,696
27,66,car,0.632,428,686
27,80,car,0.573,617,502
27,61,car,0.579,696,507
27,27,truck,0.369,310,558
27,28,car,0.649,1025,681
28,3,car,0.693,621,678
28,52,car,0.639,207,686
28,66,car,0.494,422,687
28,80,car,0.605,617,499
28,61,car,0.443,696,506
28,27,truck,0.321,310,559
28,1,car,0.519,830,640
28,87,car,0.307,309,563
28,14,car,0.328,876,430
29,52,car,0.655,207,677
29,66,car,0.783,427,671
29,61,car,0.498,696,505
29,27,truck,0.33,307,559
29,107,car,0.709,622,613
29,110,car,0.679,987,639
29,87,car,0.322,306,560
29,14,car,0.342,876,430
29,10,car,0.525,752,396
29,24,car,0.589,847,685
30,52,car,0.734,204,669
30,61,car,0.34,696,506
30,27,car,0.323,306,558
30,107,car,0.711,622,637
30,110,car,0.499,994,655
30,14,car,0.399,876,429
30,114,car,0.701,941,580
30,116,car,0.465,476,562
30,117,car,0.509,625,555
30,24,car,0.64,829,676
31,52,car,0.649,200,655
31,107,car,0.69,618,641
31,110,car,0.683,977,661
31,114,car,0.456,942,592
31,24,car,0.681,838,682
31,120,car,0.563,439,623
32,107,car,0.577,603,638
32,114,car,0.672,935,599
32,120,car,0.765,442,615
32,99,car,0.336,762,450
32,1,car,0.422,821,645
32,117,car,0.434,624,568
33,107,car,0.675,601,634
33,120,car,0.762,444,606
33,129,car,0.487,180,626
33,131,car,0.528,794,580
33,1,car,0.833,810,648
33,13,car,0.397,435,413
33,14,car,0.406,876,429
34,120,car,0.735,439,600
34,131,car,0.564,784,587
34,1,car,0.696,794,653
34,14,car,0.467,876,429
34,22,car,0.501,680,425
34,117,car,0.673,620,563
35,131,car,0.846,768,566
35,117,car,0.556,614,551
35,129,car,0.605,186,638
36,131,car,0.596,750,560
36,117,car,0.673,614,554
36,158,car,0.459,722,545
36,129,car,0.841,196,664
36,87,truck,0.331,313,558
36,27,car,0.426,312,557
36,14,car,0.455,876,428
37,131,car,0.869,767,561
37,117,car,0.672,612,549
37,158,car,0.381,723,549
37,162,car,0.734,512,522
37,27,car,0.447,313,557
37,14,car,0.483,876,428
37,52,car,0.782,177,632
38,131,car,0.801,751,561
38,117,car,0.614,613,550
38,158,car,0.475,718,537
38,162,car,0.632,511,519
38,27,car,0.403,313,558
38,14,car,0.475,876,427
38,173,car,0.63,790,511
38,175,car,0.399,717,520
38,13,car,0.312,436,413
39,131,car,0.695,744,563
39,117,car,0.636,613,549
39,158,car,0.47,716,531
39,162,car,0.404,514,520
39,27,truck,0.382,315,558
39,14,car,0.426,876,428
39,173,car,0.579,788,510
39,175,car,0.403,716,518
39,176,car,0.73,1243,583
39,180,car,0.357,314,558
39,13,car,0.319,436,413
39,28,car,0.743,987,678
40,131,car,0.695,742,562
40,117,car,0.531,612,545
40,158,car,0.441,716,531
40,162,car,0.585,514,519
40,27,car,0.443,314,558
40,14,car,0.405,876,429
40,173,car,0.579,786,509
40,175,car,0.338,715,515
40,176,car,0.745,1236,580
40,180,truck,0.32,315,559
40,13,car,0.343,436,413
40,184,car,0.346,396,531
41,131,car,0.614,744,560
41,117,car,0.535,615,536
41,158,car,0.406,716,527
41,162,car,0.778,512,517
41,14,car,0.402,876,429
41,173,car,0.581,787,507
41,13,car,0.395,436,413
41,184,car,0.36,396,531
42,131,car,0.706,742,562
42,162,car,0.6,510,514
42,14,car,0.359,876,429
42,13,car,0.35,436,413
42,1,car,0.763,743,656
43,131,car,0.398,732,559
43,14,car,0.313,876,427
43,13,car,0.406,436,413
43,195,car,0.688,636,559
43,196,car,0.7,801,557
44,131,car,0.469,724,551
44,13,car,0.389,436,413
44,195,car,0.702,624,556
44,196,car,0.778,778,558
45,131,car,0.545,716,536
45,13,car,0.347,436,412
45,196,car,0.704,750,557
45,52,car,0.572,131,625
45,117,car,0.595,619,538
45,158,car,0.39,716,520
45,162,car,0.628,516,522
46,131,car,0.77,722,533
46,13,car,0.34,436,412
46,117,car,0.41,620,527
46,27,car,0.337,317,560
46,195,car,0.806,600,574
47,13,car,0.345,436,412
47,117,car,0.654,617,508
47,61,car,0.642,705,512
47,14,car,0.314,876,429
47,196,car,0.787,736,561
48,13,car,0.348,436,412
48,66,car,0.694,358,635
48,175,car,0.688,694,499
49,13,car,0.354,435,411
49,234,car,0.781,684,470
49,37,car,0.831,1177,625
49,27,car,0.356,309,559
49,195,car,0.827,578,555
49,14,car,0.397,876,429
49,196,car,0.727,733,560
50,13,car,0.349,435,411
50,241,car,0.635,675,440
50,27,car,0.312,316,560
50,195,car,0.63,593,555
50,14,car,0.371,876,430
50,196,car,0.729,731,545
50,176,car,0.751,1220,589
50,173,car,0.633,790,514
51,13,car,0.305,435,412
51,14,car,0.35,875,426
51,243,car,0.846,743,608
51,173,car,0.594,781,504
51,158,car,0.644,716,510
52,13,car,0.304,436,411
52,14,car,0.329,875,428
52,175,car,0.464,689,485
52,176,car,0.764,1216,581
53,13,car,0.314,436,411
53,14,car,0.432,876,428
53,259,car,0.307,610,695
53,117,car,0.543,618,491
53,241,car,0.688,696,441
54,13,car,0.305,436,412
54,14,car,0.478,876,426
54,116,car,0.74,491,562
54,27,car,0.371,314,558
54,243,car,0.844,668,595
55,14,car,0.438,876,427
55,3,car,0.818,619,637
55,66,car,0.841,311,601
55,176,car,0.806,1214,597
56,14,car,0.5,876,426
56,66,car,0.544,325,575
56,259,car,0.313,608,695
56,13,car,0.327,436,408
56,243,car,0.776,704,586
57,14,car,0.417,876,426
57,13,car,0.351,436,407
57,37,car,0.778,1169,601
57,196,car,0.685,653,544
57,27,car,0.339,314,557
58,14,car,0.479,876,427
58,13,car,0.342,436,404
58,277,car,0.582,445,539
59,14,car,0.486,876,429
59,277,car,0.687,444,538
59,281,car,0.352,436,412
59,117,car,0.723,616,478
59,259,car,0.324,610,695
59,243,car,0.793,741,598
59,37,car,0.774,1178,581
59,27,car,0.318,316,559
60,14,car,0.482,876,429
60,277,car,0.608,443,537
60,281,car,0.386,435,407
60,284,car,0.633,1227,671
60,243,car,0.829,733,599
60,3,car,0.859,588,631
61,14,car,0.549,876,425
61,284,car,0.557,1227,659
61,13,car,0.326,437,401
62,14,car,0.545,876,425
62,13,car,0.36,439,399
62,259,car,0.336,610,695
62,27,car,0.594,321,556
62,277,car,0.69,442,536
63,14,car,0.356,876,425
63,294,car,0.352,842,698
63,27,car,0.402,321,556
63,277,car,0.696,442,536
63,241,car,0.81,719,444
64,14,car,0.465,876,427
64,294,car,0.305,844,698
64,27,car,0.481,322,556
64,277,car,0.647,441,535
64,298,car,0.615,1069,695
64,117,car,0.717,599,469
64,259,car,0.313,611,695
65,294,car,0.432,844,698
65,27,car,0.364,322,556
65,277,car,0.663,441,535
65,298,car,0.463,1062,692
65,117,car,0.529,587,469
65,259,car,0.42,612,695
66,294,car,0.448,843,698
66,277,car,0.649,441,535
66,298,car,0.518,1056,691
66,117,car,0.707,569,470
66,259,car,0.41,612,695
66,281,car,0.304,436,401
66,241,car,0.654,713,451
66,14,car,0.304,875,428
67,294,car,0.443,843,698
67,277,car,0.664,441,535
67,298,car,0.462,1052,690
67,259,car,0.409,612,695
67,27,car,0.678,320,557
68,294,car,0.369,849,697
68,298,car,0.492,1052,689
68,259,car,0.347,612,696
68,308,car,0.381,1132,697
69,294,car,0.436,845,697
69,298,car,0.403,1051,689
69,259,car,0.363,612,695
69,308,car,0.338,1131,696
69,117,car,0.641,541,463
69,241,car,0.664,740,449
69,277,car,0.685,440,533
69,27,car,0.403,322,557
70,294,car,0.435,844,698
70,298,car,0.454,1051,690
70,259,car,0.378,612,695
70,308,car,0.378,1131,697
70,277,car,0.65,441,535
70,27,car,0.405,321,557
70,158,car,0.525,727,475
70,14,car,0.346,878,437
71,294,car,0.396,847,697
71,298,car,0.49,1052,690
71,259,car,0.382,612,695
71,308,car,0.399,1132,697
71,277,car,0.695,442,535
71,27,car,0.407,318,557
71,316,car,0.34,434,411
71,175,car,0.717,650,451
71,117,car,0.724,541,469
72,294,car,0.755,827,676
72,298,car,0.579,1046,686
72,308,car,0.437,1132,697
72,277,car,0.599,442,535
72,27,car,0.333,316,557
72,316,car,0.326,434,411
72,117,car,0.463,546,464
72,1,car,0.68,604,667
73,294,car,0.758,826,677
73,298,car,0.52,1075,682
73,277,car,0.353,442,535
73,27,car,0.336,305,558
73,1,car,0.607,610,669
73,243,car,0.745,782,574
74,325,car,0.738,231,668
74,327,car,0.631,619,581
74,243,car,0.814,786,596
74,195,car,0.615,458,558
75,325,car,0.753,243,651
75,327,car,0.662,616,595
75,331,car,0.53,415,678
75,337,car,0.618,763,558
75,294,car,0.529,826,663
76,325,car,0.714,257,633
76,327,car,0.606,637,599
76,337,car,0.673,774,566
76,116,car,0.409,514,550
76,298,car,0.529,1041,674
76,1,car,0.578,609,672
76,195,car,0.659,446,585
77,325,car,0.774,265,620
77,327,car,0.673,626,592
77,259,car,0.491,606,698
78,325,car,0.685,273,607
78,327,car,0.636,628,566
78,352,car,0.736,232,671
78,3,car,0.723,600,622
78,116,car,0.69,494,554
79,325,car,0.671,281,596
79,327,car,0.748,627,560
79,352,car,0.796,239,670
79,357,car,0.761,900,557
79,116,car,0.722,501,552
79,277,car,0.424,442,537
79,337,car,0.347,784,562
79,298,car,0.763,998,662
80,327,car,0.615,624,558
80,357,car,0.714,924,573
80,116,car,0.695,512,540
80,277,car,0.525,442,536
80,337,car,0.849,786,576
80,316,car,0.32,435,405
81,327,car,0.782,625,554
81,357,car,0.82,945,599
81,116,car,0.756,495,553
81,277,car,0.362,443,536
81,337,car,0.737,767,563
81,370,car,0.751,881,559
81,27,car,0.367,315,557
82,327,car,0.513,627,554
82,116,car,0.735,494,558
82,277,car,0.425,443,536
82,337,car,0.774,758,559
82,370,car,0.691,902,562
82,375,bus,0.351,841,443
82,27,car,0.379,312,557
83,327,car,0.38,630,553
83,116,car,0.652,501,556
83,277,car,0.571,443,536
83,337,car,0.688,747,557
83,370,car,0.849,892,566
83,27,car,0.408,314,558
83,376,car,0.475,552,529
83,316,car,0.358,435,403
84,327,car,0.304,631,550
84,116,car,0.659,509,550
84,277,car,0.605,443,536
84,337,car,0.717,737,557
84,370,car,0.819,872,569
84,27,car,0.352,315,557
84,376,car,0.346,544,528
84,316,car,0.369,435,403
85,327,car,0.454,631,540
85,116,car,0.558,516,542
85,277,car,0.61,443,536
85,337,car,0.717,732,557
85,370,car,0.773,848,561
85,316,car,0.398,436,403
86,327,car,0.533,629,527
86,116,car,0.536,519,538
86,277,car,0.627,443,536
86,337,car,0.651,730,556
86,382,car,0.571,821,542
87,116,car,0.579,521,535
87,277,car,0.551,443,536
87,337,car,0.67,731,554
88,277,car,0.631,443,536
88,337,car,0.682,731,555
88,387,car,0.624,639,563
88,158,car,0.447,748,444
88,376,car,0.531,525,527
89,277,car,0.585,444,536
89,337,car,0.749,728,553
89,394,car,0.604,783,508
89,395,car,0.317,436,411
89,376,car,0.484,522,522
89,327,car,0.708,627,533
90,277,car,0.647,444,535
90,337,car,0.754,716,544
90,394,car,0.601,780,504
90,395,car,0.377,436,411
90,376,car,0.642,524,513
90,327,car,0.755,625,516
91,277,car,0.644,444,536
91,394,car,0.71,779,501
91,395,car,0.329,435,410
91,376,car,0.663,526,500
91,327,car,0.671,640,520
91,402,car,0.668,542,439
92,277,car,0.619,444,536
92,394,car,0.632,778,501
92,395,car,0.384,435,410
92,402,car,0.729,530,447
92,259,car,0.594,622,696
93,277,car,0.689,444,536
93,394,car,0.684,777,501
93,395,car,0.376,435,408
93,259,car,0.69,623,692
94,277,car,0.639,443,536
94,394,car,0.331,772,498
94,259,car,0.694,623,690
94,316,car,0.351,435,401
95,277,car,0.493,443,537
95,394,car,0.711,760,486
95,259,car,0.716,623,689
95,428,car,0.677,849,692
95,436,car,0.54,876,424
95,395,car,0.333,435,404
96,277,car,0.698,442,536
96,259,car,0.726,623,689
96,428,car,0.708,849,692
96,436,car,0.523,876,426
96,437,car,0.66,728,325
96,440,car,0.349,443,383
96,27,car,0.609,313,558
96,158,car,0.694,741,443
97,277,car,0.713,442,536
97,259,car,0.726,623,689
97,428,car,0.713,849,692
97,436,car,0.447,875,429
97,437,car,0.491,730,323
97,27,car,0.543,314,558
97,316,car,0.408,435,405
98,277,car,0.722,442,536
98,259,car,0.73,623,689
98,428,car,0.726,849,691
98,436,car,0.44,874,425
98,27,car,0.668,317,557
98,316,car,0.392,435,404
98,440,car,0.315,442,383
99,277,car,0.734,442,536
99,259,car,0.728,623,689
99,428,car,0.723,849,691
99,27,car,0.682,317,557
99,316,car,0.398,435,402
99,437,car,0.58,728,323
100,277,car,0.704,443,536
100,259,car,0.736,623,689
100,428,car,0.714,849,691
100,27,car,0.337,318,557
100,316,car,0.362,435,401
100,437,car,0.571,728,324
100,436,car,0.412,876,421
101,277,car,0.719,442,536
101,259,car,0.74,623,689
101,428,car,0.723,849,691
101,27,car,0.51,319,557
101,316,car,0.335,435,401
101,437,car,0.6,728,324
101,436,car,0.594,876,425
102,277,car,0.575,441,536
102,259,car,0.773,623,689
102,428,car,0.637,849,691
102,27,truck,0.371,319,556
102,436,car,0.445,876,424
102,3,car,0.845,630,598
103,277,car,0.545,438,536
103,259,car,0.723,622,689
103,428,car,0.706,849,691
103,436,car,0.509,876,425
103,294,car,0.8,743,564
103,316,car,0.318,435,402
103,437,car,0.389,728,324
104,277,car,0.662,440,536
104,259,car,0.736,622,689
104,428,car,0.614,849,691
104,436,car,0.474,876,425
104,294,car,0.748,742,564
104,316,car,0.321,435,403
104,437,car,0.548,731,319
104,298,car,0.838,905,573
105,277,car,0.612,441,536
105,259,car,0.746,622,689
105,428,car,0.63,849,691
105,436,car,0.502,875,424
105,294,car,0.701,759,556
105,437,car,0.351,730,322
105,467,car,0.609,211,591
105,298,car,0.768,967,573
105,387,car,0.835,636,559
105,27,car,0.341,320,557
106,277,car,0.356,442,537
106,259,car,0.753,622,689
106,428,car,0.632,849,691
106,436,car,0.46,876,425
106,437,car,0.406,728,322
106,467,car,0.463,189,586
106,470,car,0.689,1039,687
106,3,car,0.748,630,581
107,277,car,0.591,442,536
107,259,car,0.78,622,689
107,428,car,0.673,849,691
107,437,car,0.367,727,319
107,467,car,0.599,192,592
107,470,car,0.682,1039,684
107,473,car,0.622,1229,595
107,316,car,0.332,436,401
107,387,car,0.812,630,561
108,277,car,0.655,442,536
108,259,car,0.736,621,689
108,428,car,0.639,849,691
108,470,car,0.667,1040,682
108,480,car,0.698,765,503
108,370,car,0.761,598,549
108,436,car,0.46,876,425
109,277,car,0.474,440,535
109,259,car,0.777,622,689
109,428,car,0.631,850,691
109,470,car,0.639,1035,682
109,480,car,0.63,765,502
109,370,car,0.717,596,537
109,3,car,0.781,675,583
110,277,car,0.587,441,535
110,259,car,0.751,623,689
110,428,car,0.639,850,691
110,470,car,0.684,1037,682
110,480,car,0.729,767,501
110,491,car,0.322,435,411
110,337,car,0.615,611,515
110,473,car,0.461,1233,578
111,259,car,0.742,622,689
111,428,car,0.582,850,691
111,470,car,0.705,1033,682
111,436,car,0.479,876,424
111,3,car,0.814,645,594
112,259,car,0.743,622,689
112,428,car,0.643,849,691
112,470,car,0.658,1038,682
112,277,car,0.592,441,535
112,480,car,0.656,766,502
112,491,car,0.359,434,412
112,337,car,0.772,611,509
113,259,car,0.779,622,689
113,428,car,0.638,849,691
113,470,car,0.66,1039,682
113,277,car,0.65,441,535
113,480,car,0.66,766,502
113,337,car,0.599,612,508
113,27,truck,0.397,302,557
113,436,car,0.388,876,425
113,3,car,0.769,605,582
114,259,car,0.737,623,689
114,428,car,0.647,849,691
114,470,car,0.659,1040,682
114,277,car,0.361,440,535
114,480,car,0.714,764,502
114,337,car,0.763,612,507
115,259,car,0.73,623,689
115,428,car,0.648,849,691
115,470,car,0.651,1040,682
115,277,car,0.628,440,533
115,480,car,0.691,767,502
115,337,car,0.767,612,507
115,158,car,0.543,746,431
115,436,car,0.397,876,425
116,259,car,0.686,622,689
116,428,car,0.621,848,690
116,470,car,0.671,1040,682
116,277,car,0.61,441,533
116,480,car,0.751,767,502
116,337,car,0.771,612,507
116,436,car,0.358,876,423
116,394,car,0.619,684,407
117,259,car,0.683,619,677
117,428,car,0.632,837,679
117,470,car,0.612,1025,672
117,277,car,0.459,441,534
117,480,car,0.708,769,500
117,337,car,0.709,612,507
118,259,car,0.757,621,673
118,428,car,0.669,824,676
118,480,car,0.572,770,499
118,337,car,0.691,612,507
118,518,car,0.537,717,462
118,440,car,0.328,443,382
118,27,car,0.317,300,557
118,436,car,0.319,876,423
119,480,car,0.392,770,499
119,522,car,0.732,242,666
119,525,car,0.783,786,603
119,527,bus,0.618,424,588
119,27,car,0.344,299,557
119,436,car,0.382,876,425
119,387,car,0.828,624,576
119,394,car,0.47,670,399
120,480,car,0.378,771,499
120,522,car,0.784,248,643
120,527,bus,0.709,440,545
120,436,car,0.432,876,425
120,532,car,0.684,907,565
120,387,car,0.755,623,565
120,259,car,0.686,638,671
120,428,car,0.495,838,682
120,337,car,0.432,613,508
121,522,car,0.826,250,629
121,527,truck,0.607,457,524
121,436,car,0.327,876,423
121,387,car,0.732,608,556
121,541,car,0.792,209,686
121,259,car,0.724,615,648
121,525,car,0.701,810,595
121,27,car,0.388,299,557
122,522,car,0.786,253,625
122,527,truck,0.558,484,528
122,436,car,0.409,876,424
122,387,car,0.705,614,567
122,541,car,0.813,211,679
122,547,car,0.522,721,337
122,428,car,0.746,811,669
122,337,car,0.384,614,507
123,522,car,0.766,252,624
123,527,truck,0.535,503,526
123,436,car,0.382,876,425
123,387,car,0.747,619,561
123,541,car,0.811,213,676
123,547,car,0.475,722,336
123,428,car,0.701,801,651
123,337,car,0.406,613,507
123,440,car,0.31,445,383
124,522,car,0.76,252,622
124,527,bus,0.574,510,522
124,436,car,0.384,876,424
124,387,car,0.739,623,559
124,541,car,0.812,214,675
124,547,car,0.518,722,335
124,428,car,0.771,815,635
124,337,car,0.656,614,507
124,561,car,0.815,1219,578
124,563,car,0.685,771,573
124,277,car,0.409,435,530
124,27,car,0.382,302,562
125,522,car,0.665,251,619
125,527,truck,0.473,517,516
125,387,car,0.7,609,577
125,541,car,0.789,214,675
125,547,car,0.497,721,329
125,337,car,0.491,616,506
125,561,car,0.818,1174,579
125,563,car,0.46,786,568
125,572,car,0.614,608,270
125,573,car,0.363,562,280
125,277,car,0.527,437,533
125,27,car,0.331,304,562
126,522,car,0.664,248,619
126,527,truck,0.302,524,511
126,387,car,0.707,609,560
126,541,car,0.79,214,674
126,563,car,0.646,773,561
126,572,car,0.512,608,269
126,573,car,0.362,562,280
126,277,car,0.646,442,535
126,577,car,0.355,658,270
126,436,car,0.432,876,426
127,522,car,0.653,249,619
127,527,truck,0.373,531,508
127,387,car,0.628,606,556
127,541,car,0.832,215,673
127,563,car,0.424,751,555
127,572,car,0.478,608,268
127,573,car,0.317,562,280
127,277,car,0.566,443,535
127,436,car,0.346,876,424
127,525,car,0.759,822,567
128,522,car,0.669,250,619
128,387,car,0.762,595,550
128,541,car,0.843,216,672
128,563,car,0.815,755,560
128,573,car,0.392,562,281
128,277,car,0.647,442,535
128,436,car,0.415,876,427
128,589,car,0.468,718,542
128,337,car,0.431,620,517
129,522,car,0.638,251,619
129,387,car,0.791,569,540
129,541,car,0.853,217,671
129,563,car,0.817,771,565
129,277,car,0.621,442,535
129,436,car,0.399,876,427
129,337,car,0.613,623,527
129,27,car,0.366,320,559
130,522,car,0.481,248,618
130,387,car,0.761,543,531
130,541,car,0.684,219,668
130,277,car,0.664,443,535
130,436,car,0.398,876,426
130,337,car,0.57,624,531
130,27,car,0.372,312,559
130,480,car,0.393,778,505
130,440,car,0.303,444,383
130,525,car,0.766,837,560
130,589,car,0.554,730,549
131,387,car,0.655,527,520
131,541,car,0.687,223,656
131,277,car,0.627,443,535
131,436,car,0.424,876,426
131,337,car,0.493,624,532
131,27,car,0.41,305,558
131,480,car,0.354,777,502
131,589,car,0.713,734,551
132,387,car,0.473,519,510
132,541,car,0.613,220,669
132,277,car,0.669,443,534
132,436,car,0.404,876,426
132,337,car,0.544,624,530
132,27,car,0.385,302,556
132,589,car,0.751,736,548
133,387,car,0.592,521,498
133,277,car,0.673,443,534
133,436,car,0.339,876,424
133,337,car,0.723,623,526
133,27,car,0.303,300,557
133,589,car,0.649,730,543
133,394,car,0.527,608,346
133,572,car,0.496,608,275
133,480,car,0.419,773,503
134,277,car,0.691,444,534
134,436,car,0.386,876,425
134,337,car,0.633,621,520
134,589,car,0.842,725,534
134,394,car,0.592,597,338
135,277,car,0.587,443,534
135,436,car,0.352,876,426
135,337,car,0.609,616,509
135,589,car,0.761,718,522
135,491,car,0.391,437,413
136,277,car,0.688,443,534
136,436,car,0.367,876,426
136,491,car,0.385,437,412
136,428,car,0.792,728,562
136,394,car,0.485,598,330
137,436,car,0.313,876,425
137,491,car,0.378,437,412
137,3,car,0.712,468,571
137,563,car,0.786,789,563
138,491,car,0.353,437,411
138,666,car,0.576,816,696
138,277,car,0.685,444,535
139,666,car,0.499,819,695
139,674,car,0.761,531,559
139,277,car,0.694,444,535
139,158,car,0.643,746,436
139,480,car,0.638,759,512
139,436,car,0.396,876,425
139,563,car,0.754,815,561
140,666,car,0.561,821,694
140,674,car,0.694,541,548
140,277,car,0.664,443,534
140,681,car,0.361,1057,696
140,480,car,0.724,764,504
140,436,car,0.329,877,421
140,563,car,0.737,827,562
140,491,car,0.309,436,411
141,666,car,0.55,822,694
141,674,car,0.625,545,533
141,277,car,0.498,444,535
141,681,car,0.435,1057,697
141,436,car,0.322,878,420
141,491,car,0.306,436,411
141,259,car,0.59,639,597
142,666,car,0.526,823,694
142,674,car,0.534,540,517
142,277,car,0.624,442,534
142,681,car,0.396,1057,696
142,436,car,0.343,877,420
142,491,car,0.322,436,411
142,689,car,0.546,613,698
142,480,car,0.642,775,508
143,666,car,0.571,821,694
143,674,car,0.682,539,505
143,277,car,0.644,435,533
143,681,car,0.433,1058,697
143,436,car,0.35,877,419
143,491,car,0.331,436,410
143,689,car,0.483,611,698
143,480,car,0.684,775,501
143,27,car,0.518,318,557
144,666,car,0.582,819,694
144,674,car,0.733,536,481
144,277,car,0.731,431,532
144,681,car,0.391,1058,697
144,436,car,0.32,877,418
144,491,car,0.373,436,411
144,689,car,0.522,612,697
144,480,car,0.772,782,496
144,27,car,0.682,314,558
145,666,car,0.529,820,694
145,277,car,0.661,437,530
145,681,car,0.308,1057,697
145,491,car,0.353,435,410
145,689,car,0.467,612,697
145,480,car,0.459,787,494
145,27,car,0.668,315,557
145,696,car,0.571,1025,560
146,666,car,0.622,820,694
146,277,car,0.509,434,530
146,491,car,0.354,435,410
146,689,car,0.489,613,697
146,480,car,0.478,800,489
146,27,car,0.693,317,557
146,436,car,0.402,875,422
147,666,car,0.594,820,694
147,277,car,0.438,428,528
147,491,car,0.346,436,410
147,689,car,0.499,612,697
147,480,car,0.409,794,491
147,27,car,0.507,316,556
147,705,car,0.548,485,513
147,259,car,0.58,671,549
148,666,car,0.592,819,694
148,277,car,0.667,427,524
148,491,car,0.354,436,410
148,689,car,0.496,612,697
148,480,car,0.645,797,489
148,27,car,0.345,322,558
148,705,car,0.563,482,509
148,681,car,0.308,1058,697
149,666,car,0.545,819,694
149,689,car,0.377,611,697
149,710,car,0.735,1191,565
149,436,car,0.523,876,423
150,666,car,0.569,820,694
150,689,car,0.496,612,697
150,714,car,0.496,1235,688
150,436,car,0.5,876,424
150,561,car,0.839,606,589
150,158,car,0.655,722,434
150,696,car,0.616,971,563
150,277,car,0.501,445,523
150,491,car,0.372,435,410
150,27,car,0.433,318,557
150,681,car,0.404,1057,696
151,666,car,0.608,819,694
151,689,car,0.504,612,697
151,714,car,0.655,1234,685
151,436,car,0.545,876,424
151,717,car,0.668,544,510
151,277,car,0.495,448,522
151,491,car,0.341,435,411
151,27,car,0.454,320,559
151,681,car,0.441,1057,696
151,259,car,0.681,721,548
152,666,car,0.605,819,694
152,689,car,0.499,612,697
152,714,car,0.465,1231,682
152,436,car,0.56,876,424
152,717,car,0.595,532,501
152,277,car,0.482,448,522
152,491,car,0.326,435,411
152,681,car,0.408,1056,696
152,3,car,0.745,377,584
152,696,car,0.784,949,593
153,666,car,0.601,819,694
153,689,car,0.542,613,697
153,714,car,0.536,1231,678
153,717,car,0.704,527,496
153,277,car,0.757,440,523
153,681,car,0.393,1057,696
153,696,car,0.772,972,580
153,27,car,0.533,318,556
153,259,car,0.878,767,554
154,666,car,0.588,819,694
154,689,car,0.485,612,697
154,717,car,0.694,526,495
154,681,car,0.387,1057,696
154,696,car,0.813,997,575
154,259,car,0.754,752,558
154,522,truck,0.666,301,565
154,440,car,0.333,443,382
154,428,car,0.382,622,454
154,436,car,0.376,877,422
154,3,car,0.783,415,599
155,666,car,0.601,818,694
155,689,car,0.403,612,697
155,717,car,0.323,525,494
155,696,car,0.85,979,590
155,259,car,0.641,754,560
155,729,car,0.654,627,502
155,436,car,0.358,876,424
155,3,car,0.727,394,585
155,710,car,0.793,1169,578
155,714,car,0.455,1226,675
156,666,car,0.575,818,694
156,689,car,0.481,612,697
156,717,car,0.737,525,495
156,696,car,0.842,1012,595
156,259,car,0.78,783,566
156,729,car,0.73,626,498
156,733,car,0.424,416,702
156,27,car,0.48,316,557
156,681,car,0.334,1059,696
157,666,car,0.555,818,694
157,689,car,0.441,612,697
157,717,car,0.553,525,496
157,729,car,0.537,626,497
157,733,car,0.353,416,703
157,681,car,0.321,1058,696
157,3,car,0.739,358,594
158,666,car,0.564,819,694
158,689,car,0.482,613,697
158,717,car,0.555,526,496
158,729,car,0.565,625,497
158,733,car,0.424,416,703
158,681,car,0.305,1057,696
158,739,car,0.772,640,562
158,742,car,0.679,711,512
158,714,car,0.612,1219,674
158,27,car,0.306,315,556
159,666,car,0.55,819,694
159,689,car,0.453,612,697
159,717,car,0.708,526,496
159,729,car,0.5,626,496
159,733,car,0.382,416,703
159,739,car,0.551,633,553
159,742,car,0.648,706,506
159,714,car,0.564,1216,669
159,27,car,0.385,321,561
159,522,car,0.807,242,580
159,259,car,0.797,867,576
160,666,car,0.546,818,694
160,689,car,0.488,613,697
160,717,car,0.69,526,496
160,733,car,0.413,416,703
160,739,car,0.717,638,537
160,742,car,0.644,703,502
160,27,car,0.357,314,559
160,747,car,0.621,808,509
160,681,car,0.355,1058,696
161,666,car,0.324,815,687
161,689,car,0.552,614,694
161,717,car,0.649,527,496
161,733,car,0.373,414,702
161,739,car,0.725,631,523
161,742,car,0.627,699,501
161,27,car,0.491,314,557
161,747,car,0.544,804,507
161,753,car,0.442,763,499
161,755,car,0.313,401,530
161,756,car,0.313,360,549
161,681,car,0.491,1052,694
161,436,car,0.304,877,425
162,666,car,0.492,817,684
162,689,car,0.675,606,672
162,717,car,0.626,526,496
162,733,car,0.703,419,689
162,739,car,0.618,627,509
162,742,car,0.462,697,503
162,27,car,0.494,310,557
162,747,car,0.425,803,507
162,753,car,0.33,763,498
162,681,car,0.47,1062,697
162,436,car,0.32,877,424
163,666,car,0.685,839,682
163,689,car,0.651,606,663
163,717,car,0.397,526,496
163,739,car,0.469,625,507
163,742,car,0.448,698,502
163,27,car,0.404,309,556
163,681,car,0.487,1055,698
163,760,car,0.483,790,624
163,764,car,0.671,216,689
163,259,car,0.696,948,593
164,666,car,0.557,830,687
164,689,car,0.655,614,657
164,717,car,0.517,526,497
164,742,car,0.345,697,501
164,27,car,0.452,310,557
164,760,car,0.706,801,615
164,764,car,0.747,218,677
164,768,car,0.523,765,564
164,769,car,0.458,618,584
164,259,car,0.515,954,583
164,733,car,0.563,424,685
164,747,car,0.362,804,506
164,436,car,0.393,877,426
165,666,car,0.498,832,694
165,689,car,0.873,647,646
165,742,car,0.351,697,502
165,27,car,0.403,309,557
165,760,car,0.753,800,609
165,764,car,0.608,223,668
165,768,car,0.362,767,558
165,769,car,0.453,627,574
165,259,car,0.52,937,582
165,773,car,0.627,474,560
165,733,car,0.759,428,679
165,681,car,0.566,1034,689
166,689,car,0.72,632,643
166,742,car,0.325,696,502
166,27,car,0.416,309,557
166,760,car,0.809,802,617
166,769,car,0.384,629,563
166,259,car,0.743,952,598
166,733,car,0.77,430,672
166,717,car,0.503,526,495
166,436,car,0.357,877,427
167,689,car,0.717,612,649
167,27,car,0.407,311,557
167,733,car,0.786,426,656
167,781,car,0.591,236,663
167,717,car,0.319,527,494
168,717,car,0.551,525,500
168,786,car,0.686,916,562
168,3,car,0.823,313,615
168,666,car,0.736,831,690
168,681,car,0.344,1033,690
168,760,car,0.582,792,607
168,769,car,0.577,618,568
168,436,car,0.382,877,425
169,717,car,0.783,526,500
169,786,car,0.56,898,560
169,666,car,0.358,831,691
169,681,car,0.684,1013,678
169,760,car,0.77,804,627
169,769,car,0.419,619,554
169,436,car,0.4,876,427
169,259,car,0.781,966,598
169,27,car,0.512,313,557
170,717,car,0.705,526,499
170,786,car,0.594,877,561
170,666,car,0.63,817,676
170,760,car,0.586,792,611
170,769,car,0.739,618,567
170,436,car,0.312,876,426
170,259,car,0.792,953,590
170,27,car,0.623,315,557
170,756,car,0.303,359,551
171,717,car,0.709,526,499
171,760,car,0.753,799,623
171,769,car,0.796,619,562
171,436,car,0.373,876,427
171,27,car,0.563,315,557
171,799,car,0.689,734,576
171,696,car,0.689,1014,632
171,681,car,0.59,956,679
172,717,car,0.745,526,499
172,760,car,0.854,793,605
172,769,car,0.584,615,558
172,27,car,0.6,316,557
172,799,car,0.718,694,570
172,696,car,0.734,976,632
172,786,car,0.653,884,564
172,756,car,0.302,359,551
173,717,car,0.745,526,498
173,760,car,0.78,788,582
173,769,car,0.7,632,560
173,27,car,0.594,316,558
173,786,car,0.508,868,565
173,756,car,0.329,359,551
173,755,car,0.301,395,530
173,259,car,0.807,948,590
173,436,car,0.375,876,424
174,717,car,0.732,526,498
174,760,car,0.821,777,567
174,769,car,0.793,630,559
174,27,car,0.585,316,558
174,786,car,0.429,848,563
174,756,car,0.328,359,551
174,755,car,0.338,395,530
174,259,car,0.75,929,575
174,436,car,0.45,876,425
174,158,car,0.358,683,434
175,717,car,0.695,523,496
175,760,car,0.761,770,559
175,769,car,0.683,623,559
175,27,car,0.542,317,558
175,756,car,0.325,358,551
175,755,car,0.331,395,530
175,259,car,0.574,912,567
175,436,car,0.478,876,425
176,717,car,0.62,525,503
176,760,car,0.831,757,556
176,769,car,0.691,621,559
176,27,car,0.499,317,558
176,259,car,0.58,901,566
176,436,car,0.363,876,426
177,717,car,0.511,528,498
177,760,car,0.76,751,557
177,769,car,0.656,620,559
177,27,car,0.511,316,558
177,259,car,0.49,888,566
177,436,car,0.45,876,426
178,760,car,0.788,746,556
178,769,car,0.519,619,558
178,27,car,0.45,316,558
178,259,car,0.764,877,566
178,436,car,0.327,876,426
178,799,car,0.409,618,546
179,760,car,0.803,742,558
179,769,car,0.727,619,558
179,27,car,0.39,315,557
179,259,car,0.735,866,566
179,755,car,0.31,394,530
180,760,car,0.807,734,558
180,769,car,0.724,619,558
180,259,car,0.64,853,564
180,714,car,0.87,1126,598
180,158,car,0.359,684,433
181,760,car,0.71,725,551
181,769,car,0.782,616,552
181,259,car,0.682,844,563
181,829,car,0.744,989,584
181,834,car,0.339,834,695
181,714,car,0.779,1137,597
181,522,car,0.61,205,580
181,733,car,0.709,392,602
182,760,car,0.628,714,538
182,769,car,0.738,614,541
182,259,car,0.732,839,564
182,829,car,0.786,1047,587
182,733,car,0.421,344,599
182,491,car,0.322,439,408
183,760,car,0.673,704,520
183,259,car,0.577,829,559
183,844,car,0.535,595,435
183,491,car,0.331,439,408
183,666,car,0.741,745,623
183,756,car,0.307,358,553
183,27,car,0.629,314,557
183,755,car,0.338,396,529
183,522,car,0.442,187,584
184,760,car,0.705,711,516
184,259,car,0.795,819,547
184,491,car,0.322,439,407
184,849,car,0.442,218,695
184,850,car,0.544,611,514
184,852,car,0.617,751,459
184,666,car,0.757,687,632
184,747,car,0.468,794,508
184,436,car,0.321,876,428
184,158,car,0.435,671,431
184,733,car,0.551,303,592
185,760,car,0.656,702,504
185,259,car,0.805,807,531
185,849,car,0.502,217,695
185,850,car,0.614,610,502
185,747,car,0.611,780,503
185,844,car,0.455,595,443
186,849,car,0.49,217,695
186,747,car,0.823,780,507
186,742,car,0.724,687,478
186,756,car,0.373,359,552
186,27,car,0.572,314,557
186,755,car,0.36,397,528
186,491,car,0.341,440,408
186,852,car,0.56,752,464
186,436,car,0.309,876,428
186,158,car,0.35,674,434
187,849,car,0.493,217,695
187,756,car,0.337,359,552
187,27,car,0.55,316,557
187,755,car,0.377,395,529
187,491,car,0.404,440,408
187,436,car,0.401,876,428
187,158,car,0.717,674,437
187,753,car,0.731,758,491
187,834,car,0.31,835,695
188,849,car,0.443,218,695
188,756,car,0.306,359,552
188,27,car,0.445,316,557
188,755,car,0.337,396,529
188,491,car,0.356,440,409
188,436,car,0.432,876,428
188,873,car,0.668,669,403
188,696,car,0.77,925,638
189,849,car,0.482,217,695
189,756,car,0.372,359,553
189,27,car,0.566,315,556
189,491,car,0.39,440,407
189,436,car,0.475,876,427
190,849,car,0.511,217,695
190,756,car,0.385,359,552
190,27,car,0.661,315,556
190,491,car,0.369,440,408
190,436,car,0.566,876,425
190,886,car,0.311,355,559
190,755,car,0.439,391,529
191,849,car,0.558,217,695
191,756,car,0.353,358,553
191,27,car,0.655,316,556
191,491,car,0.388,439,407
191,436,car,0.52,876,424
191,890,car,0.709,729,409
191,892,car,0.681,1229,685
191,755,car,0.421,391,528
191,714,car,0.838,1145,593
191,834,car,0.31,834,695
192,849,car,0.417,218,695
192,27,car,0.769,316,557
192,491,car,0.389,441,404
192,436,car,0.528,876,424
192,714,car,0.836,1179,591
192,689,car,0.813,540,584
193,849,car,0.492,217,695
193,27,car,0.581,316,557
193,491,car,0.401,440,403
193,436,car,0.555,876,425
193,756,car,0.328,358,553
193,755,car,0.384,396,529
193,834,car,0.311,834,695
194,849,car,0.503,218,695
194,27,car,0.653,315,557
194,491,car,0.425,438,403
194,436,car,0.499,876,424
194,906,car,0.341,443,398
194,756,car,0.313,359,553
194,755,car,0.324,397,529
194,834,car,0.372,833,695
194,3,car,0.578,148,632
194,892,car,0.574,1231,684
194,714,car,0.786,1196,587
195,849,car,0.377,218,695
195,27,car,0.337,308,557
195,491,car,0.465,439,403
195,436,car,0.482,876,424
195,834,car,0.328,833,695
195,892,car,0.513,1230,680
195,689,car,0.778,436,589
196,849,car,0.44,217,695
196,491,car,0.394,438,403
196,436,car,0.495,876,424
196,834,car,0.356,833,695
196,906,car,0.346,443,397
197,849,car,0.475,217,695
197,491,car,0.407,440,403
197,436,car,0.494,876,424
197,834,car,0.315,833,695
197,915,car,0.386,418,696
197,906,car,0.32,442,396
197,756,car,0.329,360,554
197,27,car,0.651,312,557
197,892,car,0.406,1230,678
198,849,car,0.38,217,695
198,834,car,0.344,833,695
198,892,car,0.63,1228,674
198,689,bus,0.885,391,542
199,849,car,0.441,217,695
199,834,car,0.318,833,695
199,769,car,0.739,575,484
199,886,car,0.337,356,558
199,915,car,0.375,418,696
199,756,car,0.439,360,553
199,27,car,0.676,314,557
200,849,car,0.393,217,695
200,834,car,0.368,833,695
200,915,car,0.327,419,696
200,714,car,0.85,1141,580
200,491,car,0.328,436,403
200,689,bus,0.813,328,539
201,849,car,0.375,217,693
201,834,car,0.37,834,695
201,915,car,0.399,418,696
201,932,car,0.689,521,464
201,714,car,0.833,1182,576
201,491,car,0.347,437,405
201,755,car,0.432,395,527
201,756,car,0.401,359,553
201,27,car,0.668,313,557
202,834,car,0.356,834,695
202,915,car,0.383,418,695
202,935,car,0.831,814,565
202,27,car,0.642,315,557
203,834,car,0.409,834,695
203,915,car,0.44,418,695
203,27,car,0.588,315,557
203,941,car,0.851,1029,590
203,944,car,0.492,428,482
203,946,car,0.384,375,525
203,436,car,0.304,878,419
203,849,car,0.321,219,692
204,834,car,0.394,834,695
204,915,car,0.451,417,695
204,27,car,0.668,314,557
204,946,car,0.332,375,525
204,951,car,0.306,615,700
204,436,car,0.332,879,416
204,849,car,0.343,218,691
204,786,car,0.674,577,555
204,756,car,0.417,358,553
204,935,car,0.785,800,565
205,834,car,0.352,834,695
205,915,car,0.455,417,695
205,27,car,0.664,313,557
205,951,car,0.316,615,700
205,849,car,0.329,218,691
205,956,car,0.43,514,420
205,786,car,0.81,596,556
205,756,car,0.396,358,554
206,834,car,0.466,825,692
206,915,car,0.755,424,687
206,27,car,0.647,313,557
206,849,car,0.452,222,688
206,956,car,0.546,512,421
206,786,car,0.795,571,560
206,756,car,0.414,359,554
206,958,car,0.716,703,511
206,906,car,0.406,441,400
207,27,car,0.564,312,557
207,849,car,0.572,222,677
207,786,car,0.524,554,553
207,958,car,0.686,697,506
207,964,car,0.54,522,509
207,906,car,0.369,440,401
207,696,car,0.692,787,647
207,951,car,0.569,630,689
208,27,car,0.511,312,557
208,849,car,0.599,219,663
208,958,car,0.538,694,504
208,969,car,0.423,628,625
208,696,car,0.734,800,655
208,951,car,0.482,634,687
208,666,car,0.69,449,568
208,935,car,0.611,747,583
208,915,car,0.722,380,689
209,27,car,0.513,312,557
209,849,car,0.57,217,646
209,958,car,0.478,694,503
209,969,car,0.782,620,616
209,666,car,0.595,456,562
209,935,car,0.748,765,576
209,915,car,0.698,346,682
209,964,car,0.324,528,504
210,27,car,0.459,312,558
210,849,car,0.55,213,634
210,958,car,0.596,694,504
210,969,car,0.761,612,631
210,666,car,0.627,476,556
210,915,car,0.733,333,678
210,981,car,0.437,739,462
210,985,car,0.461,1228,681
210,986,car,0.607,613,556
210,987,car,0.423,875,425
210,964,car,0.683,528,502
211,27,car,0.655,312,558
211,849,car,0.471,199,621
211,958,car,0.494,693,504
211,915,car,0.791,326,676
211,986,car,0.774,615,560
211,964,car,0.343,529,502
211,886,car,0.33,355,560
211,756,car,0.341,358,554
211,786,car,0.668,507,536
211,951,car,0.535,631,690
211,935,truck,0.709,790,563
212,27,car,0.589,313,557
212,958,car,0.312,693,503
212,915,car,0.707,320,673
212,986,car,0.498,622,552
212,935,truck,0.817,780,540
212,158,car,0.552,661,451
212,969,car,0.545,620,625
212,987,car,0.446,875,425
213,27,car,0.625,312,558
213,958,car,0.43,688,509
213,915,car,0.827,310,666
213,986,car,0.414,629,563
213,935,truck,0.752,765,532
213,969,car,0.651,618,628
213,964,car,0.412,530,508
213,951,car,0.646,626,690
214,27,car,0.603,312,557
214,915,car,0.876,302,656
214,986,car,0.414,621,567
214,969,car,0.509,623,624
214,1003,car,0.401,431,507
214,964,car,0.725,528,509
214,946,car,0.391,373,529
214,756,car,0.301,357,555
215,27,car,0.612,311,557
215,915,car,0.856,297,646
215,969,car,0.613,627,605
215,1003,car,0.457,431,506
215,964,car,0.77,527,509
215,1007,truck,0.729,735,514
215,1009,car,0.411,796,501
215,946,car,0.323,377,529
215,987,car,0.412,875,423
216,27,car,0.583,313,557
216,915,car,0.742,290,636
216,964,car,0.816,526,509
216,1007,truck,0.614,730,504
216,1009,car,0.432,794,501
216,946,car,0.349,380,529
216,987,car,0.449,874,424
216,986,car,0.695,630,564
217,27,car,0.693,314,557
217,964,car,0.79,526,508
217,1007,truck,0.437,727,496
217,1009,car,0.598,792,502
217,946,car,0.318,380,530
217,1012,car,0.78,852,553
217,986,car,0.689,632,555
217,873,car,0.348,673,403
217,714,car,0.856,1211,578
217,755,car,0.418,391,530
217,756,car,0.302,358,556
217,1003,car,0.582,432,506
218,27,car,0.656,314,557
218,964,car,0.81,526,508
218,1007,truck,0.664,724,493
218,1009,car,0.408,790,501
218,986,car,0.725,631,552
218,755,car,0.426,393,529
218,756,car,0.342,358,556
218,1003,car,0.56,433,505
218,491,car,0.389,440,406
218,987,car,0.409,875,425
219,27,car,0.653,315,557
219,964,car,0.77,526,508
219,1007,truck,0.587,725,491
219,986,car,0.779,628,551
219,1003,car,0.535,433,505
219,491,car,0.388,440,406
219,987,car,0.412,876,426
219,941,car,0.782,1002,571
219,946,car,0.399,381,530
220,27,car,0.595,315,557
220,964,car,0.677,526,505
220,1007,truck,0.741,725,494
220,986,car,0.69,628,550
220,1003,car,0.512,434,505
220,491,car,0.387,440,406
220,987,car,0.462,875,425
220,1025,car,0.795,775,559
220,946,car,0.334,385,529
220,714,car,0.796,1208,574
221,27,car,0.548,315,558
221,964,car,0.357,527,505
221,1007,truck,0.648,724,492
221,986,car,0.568,628,549
221,1003,car,0.594,438,501
221,491,car,0.398,439,405
221,987,car,0.407,876,426
221,1025,car,0.763,765,559
221,946,car,0.327,388,529
221,941,car,0.526,977,568
222,27,car,0.64,314,557
222,964,car,0.626,527,496
222,1007,truck,0.61,720,487
222,986,car,0.615,628,548
222,1003,car,0.661,439,491
222,491,car,0.354,439,405
222,987,car,0.409,876,425
222,1025,car,0.591,745,558
222,946,car,0.403,382,528
223,27,car,0.604,315,558
223,986,car,0.604,628,544
223,491,car,0.339,440,406
223,987,car,0.409,876,426
223,1025,car,0.801,759,560
223,946,car,0.369,380,529
223,890,car,0.401,734,414
223,873,car,0.527,663,394
223,756,car,0.314,358,557
224,27,car,0.712,315,557
224,986,car,0.704,626,535
224,491,car,0.35,439,407
224,987,car,0.486,876,425
224,1025,car,0.692,743,554
224,946,car,0.43,378,529
224,1041,car,0.507,607,452
224,756,car,0.316,358,556
224,769,car,0.494,533,407
225,986,car,0.739,625,520
225,491,car,0.38,439,407
225,987,car,0.306,876,424
225,756,car,0.313,355,558
225,1045,car,0.566,723,525
225,915,car,0.745,300,611
226,986,car,0.735,622,508
226,491,car,0.412,439,405
226,987,car,0.334,875,426
226,1045,car,0.568,715,511
226,1056,car,0.591,616,699
226,755,car,0.353,390,529
226,27,car,0.545,315,557
226,1025,car,0.869,696,566
227,986,car,0.719,616,499
227,491,car,0.409,439,405
227,987,car,0.348,875,427
227,1056,car,0.531,616,696
227,27,car,0.577,316,557
227,873,car,0.424,663,390
228,491,car,0.418,439,405
228,987,car,0.483,876,426
228,1056,car,0.603,615,694
228,27,car,0.572,314,557
228,1064,car,0.734,807,557
228,834,car,0.643,826,693
228,1041,car,0.655,610,457
228,756,car,0.31,358,557
228,755,car,0.349,389,529
229,491,car,0.413,439,404
229,987,car,0.508,876,426
229,1056,car,0.583,615,693
229,27,car,0.629,314,557
229,834,car,0.672,821,690
229,755,car,0.367,388,530
229,714,car,0.721,1223,581
230,491,car,0.39,440,402
230,987,car,0.397,875,426
230,1056,car,0.676,615,693
230,834,car,0.675,819,689
230,1025,car,0.824,732,575
231,491,car,0.425,440,402
231,987,car,0.473,875,425
231,1056,car,0.728,614,693
231,834,car,0.681,818,688
231,1078,car,0.554,1164,587
231,915,car,0.723,342,586
232,491,car,0.408,440,401
232,987,car,0.445,875,426
232,1056,car,0.681,614,693
232,834,car,0.67,817,688
232,1078,car,0.431,1143,587
233,491,car,0.399,440,400
233,987,car,0.341,876,423
233,1056,car,0.541,614,693
233,834,car,0.589,817,688
233,1078,car,0.837,1169,590
233,935,bus,0.913,801,540
233,915,car,0.74,305,583
234,491,car,0.487,437,400
234,987,car,0.604,876,424
234,1056,car,0.594,615,693
234,834,car,0.648,818,688
234,915,truck,0.762,298,558
235,491,car,0.411,439,400
235,987,car,0.462,875,420
235,1056,car,0.605,615,693
235,834,car,0.591,817,688
235,946,car,0.35,380,529
235,27,car,0.661,315,558
235,935,bus,0.744,847,533
236,491,car,0.444,439,400
236,987,car,0.58,875,423
236,1056,car,0.627,615,693
236,834,car,0.681,817,688
236,1092,car,0.849,872,598
236,756,car,0.413,353,560
236,915,truck,0.556,254,539
237,491,car,0.362,440,401
237,987,car,0.519,875,424
237,1056,car,0.61,615,693
237,834,car,0.593,818,688
237,1092,car,0.852,880,599
237,714,car,0.792,1215,573
237,1025,car,0.813,705,585
237,27,car,0.74,312,557
238,491,car,0.459,439,401
238,987,car,0.522,875,424
238,1056,car,0.651,615,693
238,834,car,0.702,817,688
238,1092,car,0.772,868,597
238,27,car,0.655,314,558
238,1012,car,0.747,789,557
239,491,car,0.421,440,402
239,987,car,0.552,875,424
239,1056,car,0.649,615,693
239,834,car,0.645,818,688
239,27,car,0.553,315,557
239,1025,car,0.841,747,596
240,491,car,0.418,440,401
240,987,car,0.527,875,424
240,1056,car,0.711,615,693
240,834,car,0.711,819,688
240,1099,car,0.438,267,703
240,985,car,0.426,1234,692
240,1078,car,0.824,1110,585
241,491,car,0.407,440,401
241,987,car,0.469,876,424
241,1056,car,0.679,615,693
241,834,car,0.696,819,688
241,1099,car,0.44,268,703
241,1101,car,0.825,407,599
241,1102,car,0.733,1033,684
241,985,car,0.529,1228,685
241,1078,car,0.839,1075,585
241,1012,car,0.697,748,565
241,27,car,0.359,319,558
242,491,car,0.454,440,401
242,987,car,0.52,875,425
242,1056,car,0.73,615,693
242,834,car,0.627,821,688
242,1099,car,0.346,271,704
242,1102,car,0.697,1032,682
242,985,car,0.566,1227,684
242,1078,car,0.752,1099,583
242,1104,car,0.737,781,510
242,27,car,0.715,319,558
243,491,car,0.392,439,401
243,1056,car,0.719,615,693
243,834,car,0.686,822,688
243,1102,car,0.726,1032,682
243,985,car,0.652,1224,679
243,1104,car,0.509,779,501
243,27,car,0.566,316,558
243,1106,car,0.79,623,559
243,1064,car,0.568,823,565
244,491,car,0.311,438,401
244,1056,car,0.701,615,693
244,834,car,0.697,822,688
244,1102,car,0.702,1028,683
244,985,car,0.685,1230,667
244,1104,car,0.565,781,496
244,27,car,0.743,318,558
244,1106,car,0.811,628,551
244,1064,car,0.831,818,566
244,1099,car,0.303,272,704
244,1078,car,0.865,1122,594
245,1056,car,0.628,615,693
245,834,car,0.622,822,688
245,1102,car,0.604,1039,682
245,1104,car,0.513,780,494
245,27,car,0.734,319,558
245,958,car,0.567,626,531
245,1041,car,0.532,592,476
245,946,car,0.314,377,529
245,1025,car,0.822,772,598
245,1101,car,0.8,517,585
245,987,car,0.436,871,434
246,1056,car,0.654,616,693
246,834,car,0.687,820,688
246,1102,car,0.633,1041,684
246,27,car,0.681,318,558
246,958,car,0.744,623,521
246,755,car,0.305,389,529
246,935,bus,0.908,1007,543
247,1056,car,0.667,616,693
247,834,car,0.641,821,688
247,1102,car,0.679,1042,683
247,27,car,0.391,319,558
247,958,car,0.575,621,510
247,1078,car,0.769,1176,596
247,1104,car,0.465,776,493
248,1056,car,0.664,616,693
248,834,car,0.643,821,688
248,1102,car,0.597,1041,684
248,27,car,0.56,318,559
248,958,car,0.699,622,504
248,1122,car,0.67,794,513
248,1078,car,0.789,1100,597
248,1092,car,0.654,928,575
248,985,car,0.849,1225,637
248,987,car,0.424,875,427
249,1056,car,0.674,616,693
249,834,car,0.612,822,688
249,1102,car,0.594,1042,684
249,27,car,0.303,306,558
249,958,car,0.669,621,500
249,1122,car,0.672,789,509
249,1134,car,0.319,421,703
249,987,car,0.396,875,425
249,1101,car,0.804,559,578
250,1056,car,0.659,616,693
250,834,car,0.625,822,688
250,1102,car,0.502,1042,683
250,27,car,0.545,310,558
250,958,car,0.748,622,499
250,1122,car,0.743,787,507
250,1134,car,0.365,421,703
251,1056,car,0.584,616,690
251,834,car,0.616,820,685
251,1102,car,0.325,1025,682
251,27,car,0.521,314,559
251,958,car,0.757,622,499
251,1122,car,0.708,787,507
251,1134,car,0.62,431,698
251,1099,car,0.321,272,703
251,987,car,0.385,876,424
252,1056,car,0.586,615,678
252,1102,car,0.516,1041,684
252,27,car,0.419,317,559
252,958,car,0.683,622,499
252,1122,car,0.717,787,507
252,1099,car,0.356,270,700
252,1025,car,0.697,795,635
253,1056,car,0.567,614,675
253,27,car,0.354,312,558
253,958,car,0.503,622,499
253,1122,car,0.564,787,507
253,1099,car,0.664,271,687
253,1025,car,0.581,796,651
253,491,car,0.32,438,400
254,27,car,0.38,313,557
254,1122,car,0.588,787,507
254,1099,car,0.561,244,682
254,1025,car,0.469,808,640
254,1158,car,0.679,472,560
254,1102,car,0.586,1012,680
255,27,car,0.444,316,558
255,1025,car,0.821,814,642
255,1164,car,0.826,948,604
255,987,car,0.456,876,424
255,1056,car,0.706,602,670
255,491,car,0.333,437,400
256,27,car,0.401,318,557
256,1168,car,0.687,607,587
256,987,car,0.354,875,424
256,1056,car,0.794,620,660
256,491,car,0.328,439,400
256,1064,car,0.712,784,567
256,1092,car,0.822,906,563
257,27,car,0.382,319,558
257,1168,car,0.695,619,574
257,1177,car,0.644,521,520
257,1064,car,0.752,766,562
257,1092,car,0.773,882,566
257,834,car,0.742,821,675
257,1122,car,0.343,781,500
258,27,car,0.387,316,557
258,1168,car,0.461,622,558
258,1177,car,0.629,526,510
258,1064,car,0.712,775,574
258,1092,car,0.581,856,562
258,834,car,0.678,845,672
258,1099,car,0.601,273,678
258,491,car,0.332,439,399
259,1168,car,0.654,626,558
259,1177,car,0.343,531,504
259,1064,car,0.713,764,567
259,1092,car,0.667,865,567
259,491,car,0.355,440,402
260,1168,car,0.683,629,552
260,1177,car,0.354,533,501
260,1064,car,0.749,745,565
260,1092,car,0.71,859,566
260,491,car,0.396,439,401
260,985,car,0.679,1145,578
260,1158,car,0.801,491,557
260,27,car,0.572,318,558
261,1168,car,0.776,629,549
261,1177,car,0.385,533,501
261,1064,car,0.701,730,552
261,1092,car,0.647,872,572
261,491,car,0.425,438,400
261,1158,car,0.784,489,560
261,27,car,0.593,316,557
261,987,car,0.374,876,428
261,1099,car,0.823,278,664
262,1168,car,0.696,624,541
262,1177,car,0.442,534,501
262,1064,car,0.791,693,557
262,491,car,0.396,438,400
262,1158,car,0.699,491,547
262,27,car,0.616,318,558
262,987,car,0.332,875,429
263,1168,car,0.68,628,549
263,1177,car,0.307,535,501
263,491,car,0.403,438,400
263,1158,car,0.75,495,533
263,27,car,0.478,317,557
263,987,car,0.306,875,429
263,1217,car,0.596,715,526
264,1177,car,0.455,536,500
264,491,car,0.428,438,400
264,1158,car,0.751,502,519
264,27,car,0.499,318,556
264,987,car,0.331,876,428
264,1217,car,0.587,715,523
264,1226,car,0.568,791,512
264,1012,car,0.733,628,592
265,1177,car,0.613,537,489
265,491,car,0.388,438,401
265,1158,car,0.662,507,509
265,27,car,0.546,318,556
265,987,car,0.337,875,426
265,1217,car,0.683,715,524
265,1226,car,0.706,792,511
265,946,car,0.363,376,529
265,1168,car,0.699,621,551
266,491,car,0.362,438,401
266,1158,car,0.583,510,504
266,27,car,0.559,317,556
266,987,car,0.431,876,426
266,1217,car,0.643,713,520
266,1226,car,0.619,788,510
266,1122,car,0.41,770,498
267,491,car,0.365,438,402
267,1158,car,0.533,513,498
267,27,car,0.655,318,557
267,987,car,0.391,876,425
267,1217,car,0.694,712,519
267,1122,car,0.535,773,501
267,985,car,0.833,1134,575
267,1168,car,0.675,616,543
268,491,car,0.34,438,401
268,27,car,0.548,316,557
268,987,car,0.403,876,424
268,1217,car,0.624,710,511
268,1241,car,0.69,504,533
268,1245,car,0.606,762,479
268,1168,car,0.617,616,539
268,1092,car,0.765,834,568
269,27,car,0.573,318,557
269,987,car,0.424,876,424
269,1217,car,0.558,705,497
269,1241,car,0.77,514,520
269,1252,car,0.316,358,557
269,1104,car,0.616,752,443
270,27,car,0.472,318,557
270,987,car,0.482,876,425
270,1241,car,0.615,524,506
270,1064,car,0.774,579,559
270,1168,car,0.561,617,527
271,27,car,0.516,318,558
271,987,car,0.469,876,425
271,1168,car,0.586,616,514
271,834,car,0.646,889,629
271,1099,car,0.773,382,640
271,1158,car,0.766,530,482
271,491,car,0.391,440,406
272,27,car,0.572,318,558
272,987,car,0.514,876,426
272,1168,car,0.478,621,507
272,491,car,0.371,439,406
272,1012,car,0.854,617,566
273,987,car,0.447,876,426
273,1168,car,0.594,618,488
273,491,car,0.424,439,406
273,1012,car,0.727,630,560
274,987,car,0.505,876,426
274,491,car,0.386,440,405
274,1012,car,0.771,631,551
274,1290,car,0.687,614,437
274,1092,car,0.763,756,549
274,27,car,0.686,318,558
275,987,car,0.434,876,427
275,491,car,0.419,440,404
275,1012,car,0.771,624,531
275,1092,car,0.669,758,551
275,27,car,0.695,319,558
276,491,car,0.401,441,402
276,1012,car,0.685,617,508
276,1092,car,0.711,782,555
276,1301,car,0.73,1044,692
276,1078,car,0.689,992,598
276,985,car,0.583,1102,583
277,491,car,0.441,441,402
277,1301,car,0.683,1045,692
277,1308,car,0.582,826,689
277,1168,car,0.694,605,455
277,27,car,0.567,317,558
278,491,car,0.448,442,402
278,1301,car,0.71,1045,692
278,1308,car,0.632,825,689
278,27,car,0.688,318,557
278,987,car,0.41,875,424
278,985,car,0.742,1149,587
279,491,car,0.48,442,401
279,1301,car,0.73,1045,692
279,1308,car,0.626,825,689
279,987,car,0.477,875,425
279,1092,car,0.787,831,567
280,491,car,0.444,441,401
280,1301,car,0.6,1044,692
280,1308,car,0.554,825,688
280,987,car,0.499,876,425
280,1078,car,0.535,1009,571
280,27,car,0.63,318,557
281,491,car,0.511,440,402
281,1301,car,0.664,1044,692
281,1308,car,0.57,825,689
281,987,car,0.492,876,426
281,1168,car,0.675,614,418
282,491,car,0.496,441,401
282,1301,car,0.705,1045,692
282,1308,car,0.607,825,689
282,987,car,0.543,876,426
282,1341,car,0.61,1237,680
282,1346,car,0.561,407,698
282,1092,car,0.517,855,566
283,491,car,0.441,441,402
283,1301,car,0.693,1045,692
283,1308,car,0.57,824,688
283,987,car,0.412,876,427
283,1341,car,0.578,1235,676
283,1346,car,0.515,407,695
283,1348,car,0.736,1240,594
283,1078,car,0.448,1015,563
283,27,car,0.623,319,558
284,491,car,0.514,441,402
284,1301,car,0.705,1046,692
284,1308,car,0.578,825,689
284,987,car,0.452,876,427
284,1341,car,0.729,1232,668
284,1346,car,0.502,406,694
284,27,car,0.619,318,557
284,946,car,0.33,365,532
284,985,car,0.778,1148,596
285,1301,car,0.738,1045,692
285,1308,car,0.525,824,688
285,987,car,0.467,876,427
285,1346,car,0.498,406,694
285,27,car,0.722,318,557
285,1361,car,0.803,637,548
285,946,car,0.45,371,530
285,1252,car,0.325,358,555
285,834,car,0.689,962,577
286,1301,car,0.651,1042,692
286,1308,car,0.57,825,689
286,987,car,0.581,876,426
286,1346,car,0.499,405,694
286,27,car,0.652,318,558
286,1361,car,0.804,632,534
286,946,car,0.469,373,530
287,1301,car,0.625,1042,692
287,1308,car,0.392,819,687
287,987,car,0.482,876,427
287,1346,car,0.516,405,694
287,27,car,0.644,318,558
287,1361,car,0.809,629,521
287,946,car,0.336,369,529
287,1370,car,0.545,441,423
287,1348,car,0.723,1232,597
288,1301,car,0.666,1044,691
288,1346,car,0.509,405,694
288,27,car,0.724,319,557
288,1361,car,0.816,627,510
288,946,car,0.332,370,530
288,1370,car,0.408,440,421
288,491,car,0.445,440,412
288,985,car,0.89,1108,596
289,1301,car,0.655,1044,691
289,1346,car,0.588,404,694
289,27,car,0.568,318,558
289,1361,car,0.804,624,502
289,1370,car,0.378,440,421
289,1064,car,0.605,300,558
289,1099,car,0.846,422,591
289,1308,car,0.547,868,685
289,987,car,0.497,876,427
290,1301,car,0.549,1045,691
290,1346,car,0.538,405,694
290,27,car,0.752,319,558
290,1361,car,0.821,622,499
290,1370,car,0.416,440,421
290,1078,bus,0.863,966,533
290,946,car,0.415,373,529
291,1301,car,0.577,1045,691
291,1346,car,0.52,405,695
291,1370,car,0.324,440,420
291,491,car,0.374,441,410
291,1308,car,0.494,883,684
292,1301,car,0.644,1045,692
292,1346,car,0.531,405,695
292,491,car,0.362,441,411
292,1308,car,0.496,883,684
292,27,car,0.772,319,558
292,1361,car,0.809,622,498
292,946,car,0.491,374,528
293,1301,car,0.631,1044,691
293,1346,car,0.617,405,694
293,1308,car,0.563,883,684
293,1361,car,0.795,622,497
294,1301,car,0.653,1043,691
294,1346,car,0.614,405,694
294,1308,car,0.554,884,684
294,1361,car,0.823,622,498
294,1099,car,0.671,341,586
294,987,car,0.486,875,427
294,1370,car,0.327,441,422
295,1301,car,0.642,1044,691
295,1346,car,0.527,405,694
295,1308,car,0.481,883,684
295,1361,car,0.811,622,498
295,1396,car,0.589,702,470
295,987,car,0.499,875,427
295,1370,car,0.436,441,420
296,1301,car,0.676,1037,688
296,1346,car,0.467,405,694
296,1308,car,0.398,883,684
296,1361,car,0.749,622,499
296,987,car,0.576,875,426
296,1370,car,0.401,440,420
296,1398,car,0.739,475,531
296,1400,car,0.624,597,471
297,1346,car,0.454,405,693
297,1308,car,0.399,883,679
297,1361,car,0.853,623,499
297,987,car,0.521,874,425
297,1370,car,0.372,440,420
297,1398,car,0.681,475,522
297,1400,car,0.646,564,471
297,27,car,0.45,310,557
297,946,car,0.301,372,529
298,1346,car,0.567,407,691
298,1308,car,0.585,881,669
298,1361,car,0.757,622,499
298,1370,car,0.303,440,420
298,1398,car,0.688,474,516
298,1405,car,0.523,616,688
298,27,car,0.602,309,557
298,1092,car,0.752,934,588
298,491,car,0.418,441,413
298,1301,car,0.674,1045,682
299,1346,car,0.513,410,684
299,1308,car,0.54,866,652
299,1361,car,0.393,622,499
299,1398,car,0.595,474,511
299,1405,car,0.593,615,694
299,27,car,0.475,309,557
299,1408,car,0.732,622,602
299,987,car,0.428,875,426
300,1346,car,0.77,412,667
300,1308,bus,0.873,843,628
300,1361,car,0.501,622,498
300,1398,car,0.631,478,507
300,27,car,0.454,309,557
300,1408,car,0.78,618,604
300,987,car,0.489,875,426
300,985,car,0.791,1030,630
300,1400,car,0.569,524,454
300,1370,car,0.363,439,420
301,1346,car,0.826,409,646
301,1361,car,0.344,621,497
301,1398,car,0.627,485,506
301,27,car,0.379,304,557
301,1408,car,0.78,624,620
301,1092,car,0.688,952,573
301,491,car,0.325,440,416
301,1301,car,0.805,1014,672
302,1346,car,0.752,393,631
302,1398,car,0.674,490,504
302,27,car,0.503,300,558
302,1408,car,0.793,642,597
302,1417,bus,0.708,788,531
302,1423,car,0.564,204,693
302,1092,car,0.793,953,582
302,1405,car,0.598,631,690
302,987,car,0.497,875,425
303,1346,car,0.583,371,619
303,1398,car,0.631,492,504
303,1408,car,0.811,633,602
303,1423,car,0.759,203,687
303,1425,car,0.647,907,566
303,1429,car,0.462,608,270
303,987,car,0.495,875,425
303,1370,car,0.365,440,420
303,1361,car,0.373,622,492
304,1398,car,0.632,493,504
304,1423,car,0.784,203,680
304,1425,car,0.696,884,568
304,1429,car,0.434,608,269
304,987,car,0.498,875,425
304,1431,car,0.625,802,620
304,1433,car,0.663,845,687
304,1436,truck,0.484,753,528
304,1438,car,0.739,625,557
304,1370,car,0.413,440,420
304,1361,car,0.409,622,485
304,1405,car,0.78,641,673
305,1398,car,0.657,493,504
305,1423,car,0.817,205,673
305,987,car,0.456,875,425
305,1431,car,0.336,816,614
305,1433,car,0.832,821,676
305,1436,truck,0.521,741,523
305,1361,car,0.378,622,484
305,491,car,0.41,440,418
305,1346,car,0.563,330,605
305,1408,car,0.606,622,589
306,1398,car,0.717,493,504
306,1423,car,0.828,207,666
306,987,car,0.458,875,426
306,1431,car,0.618,800,596
306,1436,bus,0.595,731,512
306,1361,car,0.474,622,485
306,1346,car,0.507,305,600
306,1438,car,0.637,609,557
306,1370,car,0.446,440,420
307,1398,car,0.71,493,504
307,1423,car,0.805,208,657
307,987,car,0.439,875,427
307,1436,truck,0.574,726,513
307,1361,car,0.425,621,484
307,1346,car,0.556,271,596
307,1450,car,0.523,615,550
307,1438,car,0.636,610,559
307,1417,car,0.719,778,561
307,491,car,0.444,441,418
308,1398,car,0.751,493,504
308,1423,car,0.853,211,646
308,987,car,0.443,876,427
308,1436,bus,0.48,722,499
308,1346,car,0.655,238,590
308,1450,car,0.481,618,550
308,1438,car,0.625,612,560
308,1417,car,0.785,766,556
308,27,car,0.35,311,557
309,1398,car,0.728,493,504
309,1423,car,0.842,211,635
309,1436,truck,0.419,720,497
309,1450,car,0.674,619,550
309,1417,car,0.808,755,558
309,1456,bus,0.425,721,499
309,1457,car,0.433,818,527
309,27,car,0.55,308,556
309,1341,car,0.529,1224,579
309,1361,car,0.44,621,483
309,491,car,0.462,441,417
310,1398,car,0.625,499,500
310,1450,car,0.44,626,539
310,1417,car,0.805,749,558
310,1456,truck,0.535,721,497
310,1457,car,0.478,816,526
310,27,car,0.379,309,557
310,1361,car,0.433,621,483
310,491,car,0.479,441,417
310,1408,car,0.607,613,575
310,987,car,0.439,876,427
311,1417,car,0.748,744,558
311,1456,truck,0.448,721,496
311,1361,car,0.432,618,484
311,491,car,0.441,441,416
311,987,car,0.463,876,427
311,1092,car,0.634,942,570
311,1438,car,0.744,617,551
311,1436,bus,0.413,718,495
312,1417,car,0.37,740,557
312,987,car,0.471,876,428
312,1438,car,0.743,618,550
312,1436,truck,0.515,715,491
312,1425,car,0.551,818,563
312,1370,car,0.478,440,421
312,27,car,0.343,310,556
313,1417,car,0.317,736,555
313,1436,truck,0.326,709,486
313,1425,car,0.801,790,562
313,27,car,0.399,308,556
313,1408,car,0.675,619,556
313,491,car,0.452,441,419
314,1436,truck,0.528,701,478
314,1425,car,0.659,773,562
314,27,car,0.398,308,556
314,1408,car,0.627,620,554
314,491,car,0.442,441,418
314,987,car,0.336,876,427
315,1425,car,0.747,763,562
315,27,car,0.346,308,556
315,1408,car,0.725,619,557
315,491,car,0.4,441,419
315,1417,car,0.571,723,543
316,1425,car,0.763,754,560
316,491,car,0.335,441,419
316,1483,car,0.555,825,684
316,1417,car,0.478,718,534
317,491,car,0.371,441,417
317,1483,car,0.663,823,683
317,1496,car,0.485,740,431
317,1438,car,0.543,641,553
317,987,car,0.353,876,427
317,27,car,0.467,307,556
318,1483,car,0.53,823,681
318,1438,car,0.53,636,550
318,987,car,0.31,876,426
318,1405,car,0.719,779,636
318,1417,car,0.647,726,527
319,1483,car,0.604,824,681
319,1438,car,0.748,625,552
319,987,car,0.374,876,426
319,1417,car,0.7,721,517
319,1398,car,0.516,531,493
319,491,car,0.323,441,415
319,27,car,0.472,307,557
320,1483,car,0.625,824,682
320,1438,car,0.797,645,560
320,987,car,0.379,875,424
320,1417,car,0.668,714,505
320,491,car,0.383,441,419
320,1457,car,0.687,817,538
320,1408,car,0.432,625,529
321,1483,car,0.614,823,681
321,987,car,0.435,875,426
321,1417,car,0.658,703,487
321,491,car,0.373,441,419
321,1408,car,0.599,624,515
321,1423,car,0.734,266,591
321,1425,car,0.739,696,547
322,1483,car,0.638,823,681
322,987,car,0.477,876,426
322,491,car,0.427,441,418
322,1539,car,0.638,600,338
322,1423,car,0.77,349,597
322,1456,car,0.724,721,517
322,1361,car,0.598,613,478
323,1483,car,0.658,822,684
323,987,car,0.457,876,426
323,491,car,0.409,441,420
323,27,car,0.502,314,557
324,1483,car,0.642,822,682
324,987,car,0.453,876,426
324,491,car,0.445,441,419
324,27,car,0.615,311,556
324,1433,car,0.838,685,580
324,1405,car,0.826,881,588
325,1483,car,0.659,822,681
325,987,car,0.485,876,427
325,491,car,0.465,441,417
325,1405,car,0.774,846,587
325,1429,car,0.473,606,265
325,1539,car,0.514,599,337
326,1483,car,0.628,822,681
326,987,car,0.585,876,426
326,491,car,0.481,441,416
326,27,car,0.67,311,556
327,1483,car,0.411,820,683
327,987,car,0.331,876,421
327,491,car,0.407,441,415
327,1564,car,0.668,1211,586
327,27,car,0.479,318,557
327,1308,bus,0.865,839,529
327,1429,car,0.392,604,271
328,1483,car,0.685,822,681
328,987,car,0.536,876,424
328,491,car,0.499,441,414
328,27,car,0.628,313,556
328,1570,car,0.711,1179,675
328,1405,car,0.857,864,595
329,1483,car,0.7,822,681
329,987,car,0.588,876,425
329,491,car,0.486,441,415
329,27,car,0.417,318,556
329,1570,car,0.835,1185,662
329,1423,car,0.86,469,590
330,1483,car,0.652,823,682
330,987,car,0.628,876,425
330,491,car,0.532,441,413
330,27,car,0.635,313,555
331,1483,car,0.671,823,682
331,987,car,0.639,876,425
331,491,car,0.524,441,413
331,27,car,0.651,312,555
331,1564,car,0.546,1235,589
332,1483,car,0.711,821,682
332,987,car,0.607,876,425
332,491,car,0.407,441,413
332,1423,bus,0.861,467,547
333,1483,car,0.579,822,684
333,987,car,0.438,875,425
333,491,car,0.51,441,413
333,1581,car,0.496,440,421
333,1450,car,0.762,722,444
333,1405,car,0.832,816,588
333,27,car,0.429,312,556
334,1483,car,0.483,822,683
334,1438,car,0.754,724,561
334,1361,car,0.607,580,473
335,1483,car,0.656,823,682
335,1586,car,0.627,1230,681
335,1588,car,0.442,1048,690
335,1405,car,0.674,825,592
335,27,car,0.401,311,555
336,1483,car,0.659,823,683
336,1586,car,0.702,1228,672
336,1588,car,0.517,1042,690
336,1405,car,0.811,758,582
336,1308,bus,0.796,718,456
336,987,car,0.408,877,419
337,1483,car,0.593,824,682
337,1588,car,0.598,1042,690
337,27,car,0.689,311,557
338,1483,car,0.624,823,682
338,1588,car,0.566,1042,689
338,1581,car,0.415,439,423
338,1308,bus,0.724,768,455
339,1483,car,0.537,824,681
339,1588,car,0.585,1042,690
339,1611,car,0.594,622,451
339,1581,car,0.34,438,424
339,987,car,0.565,876,424
339,27,car,0.662,309,556
340,1483,car,0.575,825,681
340,1588,car,0.607,1042,690
340,1613,car,0.755,525,508
340,1614,car,0.76,611,503
340,27,car,0.665,309,556
341,1483,car,0.478,822,680
341,1588,car,0.586,1032,683
341,1613,car,0.748,524,505
341,1614,car,0.718,610,501
341,27,car,0.575,309,556
341,1611,car,0.47,621,451
341,987,car,0.462,875,424
342,1483,truck,0.401,811,666
342,1613,car,0.661,524,504
342,1614,car,0.661,609,500
342,27,car,0.453,308,556
343,1483,car,0.653,805,667
343,1613,car,0.64,524,504
343,1614,car,0.479,609,501
343,27,car,0.46,308,556
343,1627,car,0.675,598,670
343,1092,car,0.742,929,566
343,1438,car,0.426,784,571
343,1588,car,0.661,1006,672
343,987,car,0.301,875,424
344,1483,car,0.735,804,666
344,1613,car,0.422,523,504
344,1614,car,0.471,609,500
344,27,car,0.63,309,557
344,1627,car,0.655,594,681
344,1635,car,0.695,595,584
344,1638,car,0.681,236,690
344,1092,car,0.532,930,572
344,1438,car,0.643,781,574
344,987,car,0.413,876,425
344,491,car,0.383,440,414
344,1581,car,0.382,439,422
345,1613,car,0.458,524,504
345,1614,car,0.389,609,501
345,27,car,0.61,309,557
345,1635,car,0.773,598,594
345,1638,car,0.736,238,680
345,1438,car,0.691,783,576
345,987,car,0.486,875,425
345,1640,car,0.7,483,556
345,1644,car,0.741,872,570
345,491,car,0.338,440,414
345,1581,car,0.317,439,421
345,1456,car,0.489,726,551
345,1433,car,0.42,553,461
345,1588,car,0.694,1011,668
346,1614,car,0.421,609,500
346,27,car,0.49,309,557
346,1635,car,0.678,610,621
346,1638,car,0.824,239,670
346,987,car,0.427,875,424
346,1640,car,0.578,507,551
346,491,car,0.319,440,413
346,1456,car,0.648,746,555
346,1588,car,0.692,1013,664
346,1483,car,0.649,823,664
347,1614,car,0.339,609,499
347,27,car,0.557,309,556
347,1635,car,0.785,610,629
347,1638,car,0.818,241,657
347,987,car,0.492,875,424
347,491,car,0.408,440,413
347,1456,car,0.476,736,554
347,1649,car,0.787,946,579
347,1613,car,0.395,522,504
347,1438,car,0.64,795,586
347,1644,car,0.527,874,564
347,1581,car,0.386,439,422
348,27,car,0.544,308,556
348,1635,car,0.58,617,639
348,1638,car,0.857,242,649
348,987,car,0.488,875,425
348,491,car,0.415,441,414
348,1613,car,0.685,523,504
348,1644,car,0.629,887,568
348,1581,car,0.398,440,422
349,27,car,0.526,308,556
349,1638,car,0.86,242,643
349,987,car,0.511,875,424
349,1613,car,0.663,523,504
349,1457,car,0.814,850,567
349,1456,car,0.69,748,558
350,27,car,0.585,309,555
350,1638,car,0.793,243,635
350,987,car,0.428,875,424
350,1613,car,0.62,524,504
350,1665,car,0.519,780,503
350,1666,car,0.556,625,557
350,1456,car,0.694,740,558
350,1581,car,0.469,440,421
351,27,car,0.607,309,555
351,1638,car,0.698,220,616
351,987,car,0.476,876,425
351,1613,car,0.688,524,504
351,1665,car,0.408,777,503
351,1666,car,0.54,624,554
351,1456,car,0.72,730,553
351,491,car,0.454,441,415
352,27,car,0.732,310,556
352,987,car,0.507,876,425
352,1613,car,0.569,523,504
352,1456,car,0.479,721,548
352,1669,car,0.653,807,522
352,491,car,0.415,441,413
352,1588,car,0.723,1032,677
352,1483,car,0.793,798,632
352,1581,car,0.397,440,421
353,27,car,0.591,310,557
353,987,car,0.47,876,426
353,1613,car,0.44,524,504
353,1456,car,0.578,713,533
353,1669,car,0.607,805,520
353,491,car,0.444,441,413
353,1483,car,0.827,801,626
353,1581,car,0.417,440,421
353,1649,car,0.652,970,605
353,1666,car,0.582,622,553
354,27,car,0.598,310,556
354,987,car,0.455,876,425
354,1613,car,0.496,523,503
354,1456,car,0.637,710,529
354,1669,car,0.467,803,519
354,491,car,0.483,441,414
354,1581,car,0.438,440,421
354,1672,car,0.84,768,565
354,1673,car,0.636,472,557
354,1666,car,0.572,622,546
354,1635,car,0.642,615,693
354,1644,car,0.752,924,564
355,27,car,0.595,310,556
355,987,car,0.545,875,424
355,1613,car,0.68,522,499
355,1456,car,0.628,709,527
355,1669,car,0.542,802,519
355,491,car,0.44,441,413
355,1581,car,0.405,440,420
355,1672,car,0.827,757,562
355,1673,car,0.728,489,541
355,1644,car,0.717,915,562
